{"cameraMode":{"drawMode":0,"name":"Shaded","section":"Shading Mode"},"sceneLighting":true,"audioPlay":false,"sceneViewState":{"showFog":true,"showMaterialUpdate":true,"showSkybox":false,"showFlares":true,"showImageEffects":true,"showParticleSystems":true},"in2DMode":false,"pivot":{"x":929.7520751953125,"y":119.13400268554688,"z":737.2769775390625},"rotation":{"x":0.1545971781015396,"y":-0.7335017919540405,"z":0.17787694931030274,"w":0.6375222206115723},"size":12.661404609680176,"orthographic":false}