{"cameraMode":{"drawMode":0,"name":"Shaded","section":"Shading Mode"},"sceneLighting":true,"audioPlay":false,"sceneViewState":{"showFog":true,"showMaterialUpdate":true,"showSkybox":false,"showFlares":true,"showImageEffects":true,"showParticleSystems":true},"in2DMode":false,"pivot":{"x":916.948486328125,"y":118.94944763183594,"z":720.784423828125},"rotation":{"x":0.17259438335895539,"y":0.09645364433526993,"z":-0.016985047608613969,"w":0.9801119565963745},"size":9.136672019958496,"orthographic":false}